test number,cut off,initial gap improvement ratio,cut off gap improvement ratio,warm evaluated nodes ratio,total restart evaluated nodes ratio,warm solve time ratio,total restart solve time ratio,cold objective value,cold initial lower bound,cold initial gap,cold cut off lower bound,cold cut off gap,warm objective value,warm initial lower bound,warm initial gap,warm cut off lower bound,warm cut off gap,cold evaluated nodes,warm evaluated nodes,total restart evaluated nodes,cold solve time,cut off time,cglp time,warm solve time,total restart solve time
0,4,0.0018836911568305748,0.11339045580882212,0.0,-0.023668639053254437,-0.07085795420565918,-0.3731820102206755,-1148.0,-1188.365844028307,0.0351618850420793,-1188.2898072451808,0.03509565091043622,-1148.0,-1188.289807244873,0.035095650910168044,-1183.7213276372001,0.031116139056794553,169,169,173,0.5183610000000001,0.032026999999999806,0.12468600000000007,0.5550909999999998,0.7118039999999997
0,16,0.0017173961678537842,0.06609144209026378,-0.14201183431952663,-0.23668639053254437,-0.16122933631195194,-1.7458199980322588,-1148.0,-1188.365844028307,0.0351618850420793,-1178.3293172690762,0.026419265913829468,-1148.0,-1188.2965198824606,0.03510149815545352,-1176.3248089531498,0.024673178530618328,169,193,209,0.5183610000000001,0.07673599999999992,0.7446540000000001,0.6019359999999998,1.4233259999999999
1,4,0.07475425175582504,0.04046107760719611,0.3333333333333333,0.31555555555555553,0.26246147732604863,-0.08565667155642481,-13623.999999999998,-13672.102345538106,0.003530706513366657,-13668.506490742115,0.0032667711936374424,-13623.999999999998,-13668.506490689704,0.003266771189790515,-13666.705710166174,0.003134594110846725,225,150,154,0.47309799999999846,0.039195999999999565,0.12549800000000033,0.3489279999999999,0.5136219999999998
1,16,0.02735701138362145,0.02712502752050438,0.3244444444444444,0.25333333333333335,0.21970078081073932,-0.8645587172213839,-13623.999999999998,-13672.102345538106,0.003530706513366657,-13659.805003483512,0.002628083050757058,-13624.0,-13670.786409123642,0.003434116935088259,-13658.833791778652,0.0025567962256791018,225,152,168,0.47309799999999846,0.07769399999999926,0.4352670000000005,0.36915799999999965,0.8821189999999994
2,4,0.04578461664665076,0.023623483993807138,0.17507136060894388,0.17126546146527116,0.16729746148192837,0.09809445617845163,-113.0,-136.21005226332773,0.20539869259582058,-134.85981908906638,0.19344972645191486,-113.0,-135.14738891810254,0.19599459219559767,-134.3434140027083,0.18887976993547168,1051,867,871,2.4165280000000013,0.04686600000000052,0.12036499999999961,2.0122489999999997,2.17948
2,16,0.046860225932519484,-0.007168416832905236,0.06279733587059944,0.047573739295908656,0.013310832731919565,-0.41776052253480994,-113.0,-136.21005226332773,0.20539869259582058,-131.7406550173271,0.16584650457811592,-113.0,-135.1224239703626,0.1957736634545363,-131.87499584421298,0.16703536145321218,1051,985,1001,2.4165280000000013,0.08991400000000027,0.9517819999999997,2.384362000000001,3.426058000000001
3,4,0.0396335686254145,0.0,0.0,-0.0975609756097561,0.02567352377236972,-1.0331675928634343,-115.00000000000004,-117.06414991852255,0.01794912972628263,-116.55507246376813,0.01352236925015725,-115.00000000000004,-116.98234029107364,0.01723774166150954,-116.55507246376813,0.01352236925015725,41,41,45,0.1538549999999983,0.03866099999999939,0.12424700000000044,0.1499050000000004,0.31281300000000023
3,16,0.03207831829510919,-2.3529842196806207e-14,0.0,-0.3902439024390244,-0.22004484742128128,-7.079613922199548,-115.00000000000004,-117.06414991852255,0.01794912972628263,-115.61043802423114,0.005308156732444354,-115.00000000000001,-116.99793546042733,0.01737335182980273,-115.61043802423113,0.005308156732444479,41,41,57,0.1538549999999983,0.09314499999999803,0.9622340000000005,0.18770999999999916,1.2430889999999977
4,4,0.010183559082341155,0.0,-0.9421841541755889,-0.9450392576730906,-0.7293815564382471,-0.7870675710549642,-1767.9999999999998,-1962.3167105732157,0.1099076417269321,-1955.1366329819107,0.10584651186759668,-1767.9999999999998,-1960.3378748704072,0.1087883907638051,-1955.1366329819107,0.10584651186759668,1401,2721,2725,3.0069679999999988,0.05307999999999957,0.12038000000000082,5.200195000000001,5.373655000000001
4,16,0.014695353572034999,-0.04010288469461558,-0.6052819414703783,-0.6167023554603854,-0.4921149809376106,-0.6229630644556245,-1767.9999999999998,-1962.3167105732157,0.1099076417269321,-1927.7158991373835,0.09033704702340711,-1768.0,-1959.4611578063877,0.10829251007148628,-1934.1209674243871,0.09395982320383887,1401,2249,2265,3.0069679999999988,0.08152199999999787,0.31193399999999727,4.486742000000003,4.880197999999998
5,4,0.029960859179136184,4.4230982502553306e-15,-0.12435233160621761,-0.14507772020725387,-0.12198857809515705,-0.4174038217279653,-107.00000000000006,-110.84410499813276,0.03592621493581967,-110.1893416127099,0.029806930959905022,-107.00000000000006,-110.7289323096139,0.0348498346692882,-110.18934161270988,0.02980693095990489,193,217,221,0.5314349999999983,0.032735999999999876,0.12425800000000109,0.5962639999999979,0.7532579999999989
5,16,0.043311933721502625,0.021488574506352585,-0.11398963730569948,-0.19689119170984457,-0.039498715741352795,-1.9456923236143797,-107.00000000000006,-110.84410499813276,0.03592621493581967,-109.32406417112298,0.021720225898345102,-107.00000000000006,-110.67760937723514,0.03437018109565499,-109.27412334502426,0.021253489205833705,193,215,231,0.5314349999999983,0.0755119999999998,0.9375059999999991,0.5524260000000041,1.565444000000003
6,4,0.06547339825342792,0.03297420739756653,0.08403361344537816,0.05042016806722689,-0.07501288125367989,-0.47936695445271515,-1318.9999999999998,-1514.732540398569,0.14839464776237243,-1487.41172708725,0.1276813700434043,-1318.9999999999998,-1501.9172658298983,0.13867874589074947,-1481.8584838700926,0.12347117806678765,119,109,113,0.23871900000000323,0.03732100000000216,0.05920599999999965,0.2566260000000007,0.3531530000000025
6,16,0.067645579827289,-0.25422848256691843,0.08403361344537816,-0.05042016806722689,0.0772959002006678,-0.8111210251383268,-1318.9999999999998,-1514.732540398569,0.14839464776237243,-1445.149003065473,0.09563988102007064,-1318.9999999999998,-1501.4920992122395,0.13835640577122044,-1477.2196726921377,0.11995426284468381,119,109,125,0.23871900000000323,0.07538000000000267,0.13670199999999966,0.22026699999999977,0.4323490000000021
7,4,0.008925368314312385,0.010905410722830284,0.08441558441558442,0.07792207792207792,0.04975463613953912,-0.027373835343117284,-1085.0,-1120.954104653707,0.03313742364396955,-1120.5621192241679,0.032776146750385135,-1085.0,-1120.6332010272613,0.03284165993295972,-1120.174299707854,0.032418709408160426,616,564,568,2.145589000000001,0.037852000000000885,0.12763400000000047,2.0388360000000034,2.2043220000000048
7,16,0.005036528811172593,0.0,0.032467532467532464,0.006493506493506494,0.02489199935309019,-0.48353948496193916,-1085.0,-1120.954104653707,0.03313742364396955,-1117.4123796164529,0.02987316093682293,-1085.0,-1120.7730207697387,0.032970526055058666,-1117.4123796164529,0.02987316093682293,616,596,612,2.145589000000001,0.09355500000000205,0.997329999999998,2.0921810000000036,3.1830660000000037
8,4,0.04916510060076443,0.009006937884249652,-0.04081632653061224,-0.12244897959183673,0.004288175143268952,-0.9258365606636293,-26.0,-30.06413452287239,0.1563128662643227,-29.666666666666668,0.14102564102564108,-26.0,-29.86432094020033,0.14862772846924344,-29.633641227757753,0.13975543183683664,49,51,55,0.1637059999999977,0.02757299999999674,0.12469400000000519,0.1630039999999937,0.31527099999999564
8,16,0.08909308245657716,-0.01156236915628853,-0.32653061224489793,-0.6530612244897959,-0.18921114681200152,-3.3590644203633597,-26.0,-30.06413452287239,0.1563128662643227,-28.18619934282585,0.0840845901086866,-25.99999862571419,-29.702046680745983,0.14238647118121148,-28.211475495498668,0.08505680717987844,49,65,81,0.1637059999999977,0.07237499999999386,0.4465489999999974,0.19468100000000277,0.713604999999994
9,4,0.006399083406489472,3.184648605896917e-06,-0.08034744842562432,-0.08251900108577633,-0.04337559097485591,-0.07741381790335608,-2883.0,-3011.8435613909073,0.044690794793932474,-3003.2191042553604,0.04169930775420064,-2883.0,-3011.0190806951778,0.044404814670543795,-3003.2187213997577,0.04169917495655833,1842,1990,1994,5.818986999999993,0.06772799999999535,0.1303399999999968,6.071388999999996,6.2694569999999885
9,16,0.003803315715158016,0.025307461727359124,-0.03528773072747014,-0.043973941368078175,-0.0748742006125827,-0.2701437552618717,-2883.0,-3011.8435613909073,0.044690794793932474,-2984.49067475675,0.03520314767837329,-2883.0,-3011.3535286490724,0.04452082159176981,-2981.92220338966,0.03431224536582029,1842,1907,1923,5.818986999999993,0.1326569999999947,1.003614000000006,6.254679000000003,7.390950000000004
10,4,0.04582987781215645,2.103635585185447e-09,0.004436434215998891,0.0038818799389990295,0.030354087493256604,0.022175985655326847,-8581.0,-8753.393168650176,0.02009010239484634,-8734.714802680646,0.0179133903601732,-8581.0,-8745.492410795288,0.019169375456856822,-8734.714802357286,0.017913390322489956,7213,7181,7185,21.442384000000004,0.04709499999999878,0.1282629999999969,20.79152,20.966877999999994
10,16,0.024836261430949132,-0.012309806948961811,0.05406904200748648,0.05185082489948704,0.20169786158106362,0.15302267695607047,-8581.0,-8753.393168650176,0.02009010239484634,-8718.238726041953,0.01599332549142906,-8581.0,-8749.111566844671,0.0195911393595934,-8719.92810826545,0.01619020024070046,7213,6823,6839,21.442384000000004,0.09485899999999958,0.9488529999999997,17.11750099999999,18.16121299999999
11,4,0.03573524738983649,0.042251074270000306,0.034782608695652174,0.0,0.43257280591142716,0.17395128337961063,-881.0000000000002,-913.0602094240837,0.036390703092035744,-910.2888888888889,0.03324504981712674,-881.0000000000001,-911.914529908944,0.03509027231435176,-909.0514018691586,0.03184041074819346,115,111,115,0.6003290000000021,0.03054000000000201,0.12471800000000144,0.34064300000000003,0.4959010000000035
11,16,0.029459509512387978,0.04021954918668026,0.0,-0.1391304347826087,0.4628245512044353,-1.3340218446884777,-881.0000000000002,-913.0602094240837,0.036390703092035744,-901.2958801498128,0.02303732139592797,-881.0,-912.1157313795856,0.03531865082813343,-900.4795889998402,0.022110770714915084,115,115,131,0.6003290000000021,0.08514800000000378,0.9935509999999965,0.3224819999999937,1.401180999999994
12,4,0.02370442374763121,1.027343388787536e-14,-0.03535449534309067,-0.03611480707089907,-0.08257221056733226,-0.09189414684607229,-266.0,-272.0416206240275,0.022712859488825086,-271.4796912947324,0.02060034321327966,-266.0,-271.8984074886331,0.02217446424298157,-271.47969129473233,0.02060034321327945,5261,5447,5451,20.253303000000017,0.06083100000000741,0.12796900000000733,21.925663,22.114463000000015
12,16,0.0029069489381247627,1.2417400748005723e-14,0.016346702147880632,0.013305455236647026,0.030064380116171543,-0.025018289609354854,-266.0,-272.0416206240275,0.022712859488825086,-270.607898246403,0.017322925738357184,-266.0,-272.0240579413699,0.02264683436605227,-270.60789824640295,0.01732292573835697,5261,5175,5191,20.253303000000017,0.11349599999999782,1.002110000000016,19.64440000000002,20.760006000000033
13,4,0.052751044736327565,0.0,-0.5785050862450243,-0.5802742149491376,-0.6924065041639471,-0.7209220215806845,-2033.0,-2140.8937364856306,0.05307119354925263,-2126.4397312152623,0.04596150084370995,-2033.0,-2135.2022291655076,0.05027163264412571,-2126.4397312152623,0.04596150084370995,2261,3569,3573,7.069378999999998,0.07120100000000207,0.13038600000001566,11.964263000000017,12.165850000000034
13,16,0.07333995459200661,-0.07978874001402587,-0.6360017691287041,-0.643078283945157,-0.6778707153768426,-0.8092047406144198,-2033.0,-2140.8937364856306,0.05307119354925263,-2112.82528069098,0.03926477161386128,-2033.0,-2132.9808147510125,0.04917895462420685,-2119.194439258579,0.04239765826786976,2261,3699,3715,7.069378999999998,0.1163880000000006,0.8120619999999974,11.861504000000025,12.789954000000023
14,4,0.1053724435485414,0.0,0.0,-0.032,-0.09485038537108532,-0.5909525968466204,-278.0,-340.5636067101584,0.22504894500056982,-320.9571428571428,0.15452209660842733,-278.0,-333.9711265938991,0.20133498774783848,-320.9571428571428,0.15452209660842733,125,125,129,0.3176160000000152,0.03422100000000228,0.1233490000000188,0.3477420000000393,0.5053120000000604
14,16,0.2472230346038275,-0.06034190927555586,-0.112,-0.24,-0.18247191577246533,-2.2787863331821216,-278.0,-340.5636067101584,0.22504894500056982,-302.82352941176475,0.08929327126534084,-278.0,-325.09644200351266,0.16941166188313908,-304.32142857142856,0.09468139773895164,125,139,155,0.3176160000000152,0.07467500000001337,0.591148000000004,0.37557200000000535,1.0413950000000227
15,4,0.026049051293129424,0.0,0.01084010840108401,0.008672086720867209,-0.021423123654773744,-0.04851033901307917,-264.0,-269.81475433209755,0.0220255845912786,-269.1605321844761,0.01954747039574279,-264.0,-269.6632854982438,0.021451839008499222,-269.1605321844761,0.01954747039574279,1845,1825,1829,6.366951999999998,0.046419999999983474,0.1260430000000099,6.503352000000007,6.675815
15,16,0.11208394905990324,0.010332751502829876,0.08021680216802168,0.07154471544715447,0.33875282866903583,0.17278047643518446,-264.0,-269.81475433209755,0.0220255845912786,-268.2955357766383,0.016270968850902665,-264.0,-269.1630137037429,0.01955687008993514,-268.2511510728868,0.016102844973056002,1845,1697,1713,6.366951999999998,0.08891900000000419,0.96781900000002,4.210129000000023,5.2668670000000475
16,4,0.03993747268290107,0.026946133011403736,-0.0024183796856106408,-0.007255139056831923,0.0068055410915638295,-0.07932787825048816,-130.0,-137.829610588048,0.06022777375421548,-137.2529997760475,0.055792305969596064,-130.0,-137.5169157290701,0.05782242868515455,-137.05755947935043,0.05428891907192639,827,829,833,1.9780939999999703,0.04432199999999398,0.12605800000000045,1.9646319999999946,2.135011999999989
16,16,0.05481587001393479,0.05900081841185529,-0.094316807738815,-0.11366384522370013,-0.010057156030022224,-0.5560994573564518,-130.0,-137.829610588048,0.06022777375421548,-135.59322980330575,0.04302484464081344,-130.0,-137.40042367179385,0.05692633593687573,-135.26322466734513,0.04048634359496252,827,905,921,1.9780939999999703,0.10303499999997712,0.9770880000000091,1.9979880000000207,3.078111000000007
17,4,0.12675654268156095,0.02795011664792115,-0.11019283746556474,-0.12121212121212122,-0.16861194608339064,-0.3187793211339439,-1075.0,-1121.1145066434897,0.04289721548231598,-1113.5969981431183,0.03590418431917981,-1075.0,-1115.269191213895,0.03745971275711168,-1112.5182075427585,0.034900658179310276,363,403,407,1.0655709999999772,0.03654099999999971,0.12347299999998995,1.245238999999998,1.4052529999999877
17,16,0.1416838698964977,0.11062716230779693,-0.01652892561983471,-0.06060606060606061,-0.06982359692598814,-0.8748211053041295,-1075.0,-1121.1145066434897,0.04289721548231598,-1108.214611472228,0.030897312997421343,-1075.0,-1114.5808248838723,0.0368193719849975,-1104.5401732578994,0.02747923093758081,363,369,385,1.0655709999999772,0.09379500000000007,0.763986999999986,1.1399729999999977,1.9977549999999837
18,4,0.029121168688718637,0.004919383864751188,-0.05218800648298217,-0.05348460291734198,-0.04080423759056431,-0.06602398953821391,-10379.999999999998,-10526.925793650791,0.01415470073707061,-10521.839285714284,0.013664671070740488,-10379.999999999998,-10522.647142829162,0.013742499309168047,-10521.141523820754,0.013597449308357955,3085,3246,3250,6.747608000000042,0.04788299999998458,0.12228999999999246,7.0229390000000365,7.1931120000000135
18,16,0.01687272043046537,1.3500964841953163e-16,0.00032414910858995135,-0.004862236628849271,-0.036376298089629354,-0.1909795293383963,-10379.999999999998,-10526.925793650791,0.01415470073707061,-10513.371428571427,0.012848885218827422,-10380.0,-10524.446755810499,0.013915872428757116,-10513.371428571429,0.01284888521882742,3085,3084,3100,6.747608000000042,0.09974800000000528,0.9434540000000311,6.9930610000000115,8.036263000000048
19,4,0.1142945428633946,0.001566909634644382,-0.03508771929824561,-0.10526315789473684,0.03151622076812223,-0.8780435144682531,-627.0,-665.0,0.06060606060606061,-660.3958333333335,0.053262892078681796,-627.0,-660.656807371191,0.05367911861433972,-660.3435050803265,0.053179433939914686,57,59,63,0.16210700000010547,0.026818000000048414,0.12062800000001062,0.15699800000004416,0.3044440000001032
19,16,0.15433233749994493,0.005904455179817246,-0.03508771929824561,-0.3157894736842105,0.030337986638632214,-3.0473452719482617,-627.0,-665.0,0.06060606060606061,-644.25,0.02751196172248804,-627.0,-659.1353711750021,0.051252585606063945,-644.1481481481482,0.02734951857758876,57,59,75,0.16210700000010547,0.06603400000005877,0.4328800000000115,0.15718900000007352,0.6561030000001438
20,4,0.03172087829530119,0.0014789920655870056,-0.22933560961729976,-0.22990468060890595,-0.290847428663639,-0.3016070433577836,-198.0,-219.3732433038023,0.10794567325152675,-218.62593145938192,0.10417137100697937,-198.0,-218.69526525418652,0.10452154168781072,-218.59542587040815,0.10401730237579873,7029,8641,8645,17.01733799999994,0.057130999999969845,0.12596900000005462,21.966786999999954,22.14988699999998
20,16,0.034862027955889885,-0.004829340079877721,-0.010812348840517854,-0.013088632806942667,-0.11007779242558614,-0.16366625614417596,-198.0,-219.3732433038023,0.10794567325152675,-217.8489665005021,0.10024730555809135,-198.0,-218.6281286982371,0.10418246817291467,-217.9448239099671,0.10073143388872279,7029,7105,7121,17.01733799999994,0.10761099999996304,0.8043220000000133,18.89056899999997,19.802501999999947
21,4,0.11584920865186667,0.1127119231636939,0.0,-0.0975609756097561,-0.011412484918017586,-1.3958264444331667,-1900.9999999999998,-1994.7371527777775,0.049309391256064046,-1980.6277777777775,0.04188731077210823,-1900.9999999999998,-1983.8777778071928,0.04359693729994375,-1971.652777807193,0.0371661114188286,41,41,45,0.11189500000006092,0.03194100000001754,0.1229680000000144,0.11317199999996319,0.26808099999999513
21,16,0.13349839592625112,0.09133489461358184,0.0975609756097561,-0.2926829268292683,0.11458063362995537,-9.011868269355096,-1900.9999999999998,-1994.7371527777775,0.049309391256064046,-1948.4444444444441,0.024957624642001235,-1901.0,-1982.2233932432505,0.04272666661927958,-1944.111111111111,0.02267812262551872,41,37,53,0.11189500000006092,0.07433900000006588,0.9468650000000025,0.09907400000003008,1.1202780000000985
22,4,0.12230527477469173,0.06349623418863296,-0.05706957358127605,-0.05835203590894517,-0.07358967472691014,-0.09341525093328922,-236.0,-251.76619201260843,0.0668058983585103,-249.68012323763156,0.057966623888269335,-236.0,-249.8379035663558,0.058635184603202564,-248.81148692880555,0.05428596156273538,3119,3297,3301,9.826296999999954,0.06929400000001351,0.12551799999999957,10.549410999999964,10.744222999999977
22,16,0.07838513763813845,0.010229318429713872,0.07245912151330555,0.06732927220262905,0.09351223558579101,0.020439337422832264,-236.0,-251.76619201260843,0.0668058983585103,-245.29866590721318,0.03940112672547957,-236.0,-250.5303568816708,0.06156930882063898,-245.20354689267677,0.03899808005371513,3119,2893,2909,9.826296999999954,0.10956099999998514,0.6084749999999985,8.907418000000007,9.62545399999999
23,4,0.07434342183001323,0.02353470520112979,-0.2349869451697128,-0.2454308093994778,-0.24429793032100228,-0.4851624371743609,-142.0,-161.50407936507935,0.13735267158506584,-160.05407936507936,0.1271414039794321,-142.0,-160.0540793654352,0.12714140398193802,-159.62918192954442,0.12414916851791842,383,473,477,0.6649339999999597,0.038007999999990716,0.12215100000003076,0.8273760000000152,0.9875350000000367
23,16,0.03604060297919199,0.0759623078861936,-0.2297650130548303,-0.27154046997389036,-0.40999708241724986,-1.6744970177492222,-142.0,-161.50407936507935,0.13735267158506584,-157.82063492063492,0.11141292197630223,-142.0,-160.80114058420787,0.13240239848033714,-156.61886297983858,0.1029497392946379,383,471,487,0.6649339999999597,0.0832189999999855,0.7575899999999933,0.9375549999999748,1.7783639999999536
24,4,0.04813120951201634,0.03584205459892703,0.30560420315236425,0.3021015761821366,0.3277670194439463,0.27387616213562604,-192.0,-210.69182256235828,0.09735324251228272,-209.88740079365078,0.0931635458002645,-192.0,-209.79216253444798,0.0926675132002499,-209.24627959777186,0.08982437290506178,1142,793,797,3.0772010000000023,0.04152499999997872,0.12430800000004183,2.0685960000000705,2.234429000000091
24,16,0.04813139380004453,0.05893974316760066,0.22066549912434325,0.20665499124343256,0.4229431226624345,0.14969707861135323,-192.0,-210.69182256235828,0.09735324251228272,-207.81770833333334,0.08238389756944449,-192.0,-209.79215908976886,0.0926674952592128,-206.88541666666666,0.07752821180555551,1142,890,906,3.0772010000000023,0.08244300000001203,0.7583900000000199,1.7757200000000353,2.616553000000067
25,4,0.030415575008293522,0.0,-0.4437299035369775,-0.4565916398713826,-0.42089053187119496,-0.6552011420866302,-582.0,-695.1239700084539,0.19437108248875232,-684.8533083645443,0.1767238975335813,-582.0,-691.6832394134258,0.18845917424987246,-684.8533083645443,0.1767238975335813,311,449,453,0.716583000000071,0.04592200000001867,0.12198100000000522,1.0181859999999574,1.1860889999999813
25,16,0.05755163764473731,-0.10602248570433098,-0.3279742765273312,-0.37942122186495175,-0.2918182541309619,-1.2384748172925113,-582.0,-695.1239700084539,0.19437108248875232,-653.1467729393469,0.1222453143287747,-582.0,-688.6135002775932,0.1831847083807443,-660.689930656218,0.13520606641961866,311,413,429,0.716583000000071,0.08551000000005615,0.5928480000000036,0.9256950000000188,1.6040530000000786
26,4,0.08603491354211981,0.02658271052458603,-0.06289308176100629,-0.0880503144654088,0.010263510929309966,-0.4254077119100663,-61.0,-82.21351744017163,0.34776258098642016,-79.93589953971116,0.3104245826182157,-61.0,-80.38841430128221,0.31784285739806906,-79.43253200372438,0.30217265579876024,159,169,173,0.3712180000001126,0.03820000000001755,0.1235290000000191,0.3674079999999549,0.5291369999999915
26,16,0.10581432023353182,0.10909825597453214,-0.10062893081761007,-0.20125786163522014,-0.25089839393528446,-1.3198821177847995,-61.0,-82.21351744017163,0.34776258098642016,-74.6606944443079,0.22394581056242446,-61.0,-79.9688235124777,0.31096431987668355,-73.17033650503292,0.199513713197261,159,175,191,0.3712180000001126,0.07129900000006728,0.3255270000000223,0.4643560000000093,0.8611820000000989
27,4,0.029814302021291792,0.0,0.0,-0.013468013468013467,0.06703317912520693,-0.1348524105017107,-126.0,-136.06637126736487,0.07989183545527676,-134.86239525861552,0.07033647030647239,-126.0,-135.7662494341412,0.07750991614397779,-134.86239525861552,0.07033647030647239,297,297,301,0.8549050000000307,0.04491500000000315,0.12767800000000307,0.7975979999999936,0.9701909999999998
27,16,0.04738861112194496,0.036691405536524134,-0.006734006734006734,-0.06060606060606061,0.04830244296148931,-1.1639375135248922,-126.0,-136.06637126736487,0.07989183545527676,-132.45278614292408,0.05121258843590542,-126.0,-135.5893399139666,0.07610587233306823,-132.2160243497136,0.04933352658502851,297,299,315,0.8549050000000307,0.08793600000001334,0.9484140000000139,0.8136110000000372,1.8499610000000644
28,4,0.035538416826125956,1.219190810457753e-06,-0.0626249167221852,-0.06528980679546968,-0.0723585844313204,-0.10697808465163143,-2315.0,-2365.8644456522347,0.021971682787142434,-2361.8831503029264,0.02025190077880191,-2315.0,-2364.056803781016,0.02119084396588155,-2361.8830931434204,0.020251876087870588,1501,1595,1599,5.353919000000019,0.05657100000001947,0.12877900000000864,5.741320999999971,5.926670999999999
28,16,0.013140107015603485,0.04336304304708951,0.0866089273817455,0.0759493670886076,0.12558931130635187,-0.0796362440298459,-2315.0,-2365.8644456522347,0.021971682787142434,-2356.6878554701925,0.01800771294608748,-2315.0,-2365.196081393075,0.02168297252400649,-2354.8801431988977,0.01722684371442666,1501,1371,1387,5.353919000000019,0.11026600000002418,0.9884950000000003,4.681524000000024,5.780285000000049
29,4,0.023973753548525416,0.004370328467122571,-0.5154639175257731,-0.5567010309278351,-0.42877589572810243,-1.2337548213283611,-95.0,-113.18655555555557,0.19143742690058496,-112.75055555555556,0.18684795321637437,-95.0,-112.75055555477012,0.1868479532081065,-112.67297979730388,0.18603136628740927,97,147,151,0.19004099999995105,0.03290599999996857,0.12007299999999077,0.2715259999999944,0.4245049999999537
29,16,0.01934280852897823,0.04597772405099902,-0.020618556701030927,-0.18556701030927836,-0.012297346362462854,-2.70534779337206,-95.0,-113.18655555555557,0.19143742690058496,-111.803125,0.17687499999999995,-95.0,-112.83477649364283,0.18773448940676668,-111.03055555555555,0.1687426900584795,97,99,115,0.19004099999995105,0.07473099999998567,0.4370590000000334,0.19237800000001926,0.7041680000000383
30,4,0.05142081903098175,0.03590678326456863,0.2962962962962963,0.2828282828282828,0.13206777810504905,-0.15309323733491575,-63.0,-73.91982142857142,0.17333049886621307,-73.18072535599087,0.16159881517445832,-63.0,-73.35831526704222,0.16441770265146374,-72.81516825715721,0.15579632154217796,297,209,213,0.6008429999999976,0.04955599999999549,0.12178099999999858,0.5214910000000259,0.69282800000002
30,16,0.07774579786048842,-0.31745970190363804,-0.06734006734006734,-0.12121212121212122,-0.3255442769575602,-1.7285164344096622,-63.0,-73.91982142857142,0.17333049886621307,-69.68379082348227,0.10609191783305189,-63.0,-73.07085119911308,0.15985478093830285,-71.80562506589122,0.1397718264427178,297,317,333,0.6008429999999976,0.0856539999999768,0.7573120000000131,0.7964440000000081,1.639409999999998
31,4,0.06611822151937899,0.0032020544232201917,-0.002962085308056872,-0.0035545023696682463,0.06133583824648071,0.05326820198371455,-375.0,-395.0400191323439,0.05344005101958373,-392.7556387247997,0.04734836993279926,-375.0,-393.715008708099,0.04990668988826398,-392.6987842032839,0.04719675787542368,6752,6772,6776,24.391530999999986,0.06470699999999852,0.13207499999998618,22.895455999999967,23.092237999999952
31,16,0.06670041363179915,-0.0002746145872808698,0.15847156398104265,0.15610189573459715,0.2331919632269083,0.19476760191887876,-375.0,-395.0400191323439,0.05344005101958373,-388.92532247941267,0.037134193278433786,-375.0,-393.7033415670274,0.04987557751207305,-388.9291465760981,0.03714439086959495,6752,5682,5698,24.391530999999986,0.12335799999999608,0.813871000000006,18.703621999999996,19.640850999999998
32,4,0.021989505575743105,2.2353373916160165e-10,0.03329369797859691,0.028537455410225922,-0.004238503574905136,-0.07088307810238297,-2405.0,-2458.6541402411785,0.022309413821695857,-2454.353494189179,0.020521203405064012,-2405.0,-2457.4743122251834,0.021818840842072116,-2454.353494178147,0.02052120340047683,841,813,817,2.447326000000089,0.03959100000002991,0.12351000000001022,2.457699000000048,2.620800000000088
32,16,0.029614055672983638,-0.12327465655455755,-0.04994054696789536,-0.06896551724137931,-0.0376925673162989,-0.46312832863294245,-2405.0,-2458.6541402411785,0.022309413821695857,-2439.5009402914907,0.014345505318707144,-2405.0,-2457.06522354499,0.021648741598748526,-2443.7540318567335,0.016113942559972345,841,883,899,2.447326000000089,0.0876240000000621,0.9535559999999919,2.539572000000021,3.580752000000075
33,4,0.015950216055676442,3.228145100661031e-09,-0.04363312555654497,-0.04541406945681211,-0.05146774523146249,-0.07219583037058613,-2546.0,-2615.4041577464563,0.027260077669464394,-2606.034377202259,0.02357988106922971,-2546.0,-2614.297146435238,0.026825273540941916,-2606.034377008459,0.02357988099311043,2246,2344,2348,8.162451999999973,0.04593399999998837,0.12325800000002118,8.582555000000013,8.751747000000023
33,16,0.010413108925737935,-0.02359607998234394,-0.05075690115761353,-0.0578806767586821,-0.028081757785536218,-0.15779572118770377,-2546.0,-2615.4041577464563,0.027260077669464394,-2592.4624655492653,0.018249200922727922,-2546.0,-2614.6814446919434,0.026976215511368185,-2593.5587976025427,0.018679810527314475,2246,2360,2376,8.162451999999973,0.10075699999998733,0.9580269999999587,8.391668000000038,9.450451999999984
34,4,0.0005950259010622758,4.347340108014767e-15,-0.11185682326621924,-0.12080536912751678,-0.19005282323039518,-0.3383841758688135,-82.0,-85.46435950413222,0.04224828663575876,-85.40293637846656,0.04149922412764102,-82.00000000000001,-85.46229812049668,0.04222314781093498,-85.40293637846656,0.04149922412764084,447,497,501,1.1822449999999662,0.036471000000005915,0.13889299999999594,1.4069339999999784,1.5822979999999802
34,16,0.002759735406442838,0.0,0.017897091722595078,-0.017897091722595078,0.1972442260275378,-0.6781690766296972,-82.0,-85.46435950413222,0.04224828663575876,-85.03120733372343,0.036965943094188165,-82.0,-85.45479878854802,0.04213169254326851,-85.03120733372343,0.036965943094188165,447,439,455,1.1822449999999662,0.08397100000001956,0.9509819999999536,0.9490540000000465,1.9840070000000196
35,4,0.032297226879230326,0.0,-0.024844720496894408,-0.049689440993788817,0.01781377796112822,-0.28991874313228566,-962.0,-1004.7489774187234,0.04443760646436941,-996.0168219364275,0.03536052176343815,-962.0,-1003.3683039961758,0.04300239500641972,-996.0168219364275,0.03536052176343815,161,165,169,0.5069109999999455,0.033651999999960935,0.1223410000000058,0.497880999999893,0.6538739999998597
35,16,0.06746015157771343,-0.04165563490665117,-0.012422360248447204,-0.11180124223602485,-0.009680200271625044,-2.0343393613473304,-962.0,-1004.7489774187234,0.04443760646436941,-987.1289682306657,0.026121588597365585,-962.0,-1001.865124922264,0.04143983879653227,-988.1757313568631,0.027209699955159188,161,163,179,0.5069109999999455,0.0816979999999603,0.9446239999999761,0.5118179999998347,1.5381399999997711
36,4,0.11539315566645222,0.0,-0.057971014492753624,-0.11594202898550725,0.32381435299356587,-0.0849537623914953,-449.00000000000006,-489.6008866464128,0.09042513729713303,-479.53536112950565,0.06800748581181644,-449.00000000000006,-484.9158222134273,0.07999069535284464,-479.53536112950565,0.06800748581181644,69,73,77,0.39048300000001746,0.03616799999997511,0.12344899999993686,0.2640390000000252,0.4236559999999372
36,16,0.17207485625393662,0.1919354926360593,0.08695652173913043,-0.14492753623188406,0.45779201655415686,-2.2061498195822016,-449.00000000000006,-489.6008866464128,0.09042513729713303,-469.14416591409866,0.04486451205812607,-449.0,-482.6144949129489,0.07486524479498638,-465.2777855056336,0.03625341983437322,69,63,79,0.39048300000001746,0.08484099999998307,0.9553830000000971,0.21172299999989264,1.2519469999999728
37,4,0.047985368611234,0.007922747967236096,0.1107754279959718,0.1067472306143001,0.10663293437681827,0.020005643324913305,-2099.0,-2247.048611111111,0.07053292573182986,-2239.944444444444,0.06714837753427531,-2099.0,-2239.944443934563,0.06714837729135921,-2238.8277771337284,0.06661637786266243,993,883,887,1.7755489999998417,0.031503999999927146,0.12230699999997796,1.5862170000000333,1.7400279999999384
37,16,0.02495411798758927,-3.4952597914615667e-15,0.0,-0.016112789526686808,-0.005763851068146715,-0.4751809158745739,-2099.0,-2247.048611111111,0.07053292573182986,-2232.343915343915,0.06352735366551447,-2099.0,-2243.3541886015455,0.0687728387811079,-2232.3439153439153,0.0635273536655147,993,993,1009,1.7755489999998417,0.07582899999988513,0.7576440000000275,1.7857830000000376,2.6192559999999503
38,4,0.0966942481676803,2.7238668017210957e-05,-0.13114754098360656,-0.19672131147540983,-0.15226455412530787,-0.9636524730291327,-973.0,-1002.3364052084335,0.03015046784011661,-997.9923447995394,0.0256858631033293,-973.0,-999.4997435628616,0.02723509102041271,-997.9916640413564,0.025685163454631493,61,69,73,0.19186999999999443,0.03248400000006768,0.12319700000000466,0.2210850000000164,0.37676600000008875
38,16,0.08631299748784473,0.0780105627765068,-0.09836065573770492,-0.36065573770491804,-0.14808464064270066,-3.5866680564978943,-973.0,-1002.3364052084335,0.03015046784011661,-989.8568794486135,0.01732464485982892,-973.0,-999.8042921393755,0.02754809058517528,-988.5418647961715,0.01597313956441055,61,67,83,0.19186999999999443,0.07518100000004324,0.5845800000000736,0.2202830000001086,0.8800440000002254
39,4,0.05046375405780187,0.05992991543763385,-0.04880158141833457,-0.04904867803311095,-0.2118745237990184,-0.21457750266996928,-10228.999999999998,-10403.848707771816,0.01709343120264134,-10392.105286719183,0.015945379481785586,-10228.999999999998,-10395.025185585495,0.01623083249442729,-10382.330400678671,0.014989774237821194,16188,16978,16982,66.586906,0.05405099999995855,0.12593200000003435,80.694975,80.87495799999999
39,16,0.0017279640844640276,1.2315425500251542e-16,-0.00012354830738818879,-0.001111934766493699,0.018648966810380953,0.0028154033767534502,-10228.999999999998,-10403.848707771816,0.01709343120264134,-10373.083421522091,0.014085777839680614,-10229.0,-10403.546575484574,0.01706389436744292,-10373.083421522093,0.014085777839680612,16188,16190,16206,66.586906,0.1001929999999902,0.9541150000000016,65.34512900000004,66.39943700000003
40,4,0.00265773204247014,0.0010155417595782903,-0.03278688524590164,-0.09836065573770492,0.07427990658181943,-0.49681039702546204,-133.0,-332.0775,1.4968233082706766,-331.5484053497942,1.4928451530059716,-133.0,-331.54840534931515,1.4928451530023694,-331.3467711528638,1.49132910641251,61,63,67,0.18497599999989234,0.044499999999970896,0.061138000000028114,0.1712360000000217,0.2768740000000207
40,16,0.086472676911,0.06366889297059547,-0.6557377049180327,-0.9180327868852459,-0.21363852608003403,-1.2905295822171745,-133.0,-332.0775,1.4968233082706766,-286.4632201646091,1.1538587982301436,-133.0,-314.8627356622504,1.3673889899417322,-276.69238682502566,1.0803938859024487,61,101,117,0.18497599999989234,0.07634999999993397,0.12284899999997378,0.2244940000000497,0.42369299999995746
41,4,0.06977739119197264,0.08743257144862128,0.044213263979193757,0.03901170351105332,-0.06970261308987342,-0.1605428603382827,-11675.999999999998,-11771.490242346938,0.008178335247254141,-11764.82718253968,0.007607672365508936,-11675.999999999998,-11764.827182351679,0.00760767234940739,-11757.0607935557,0.006942514007853874,769,735,739,1.797221000000036,0.03863200000000688,0.12462800000002972,1.9224920000000338,2.0857520000000704
41,16,0.06977739997597955,4.0640396795680654e-08,-0.34070221066319895,-0.36150845253576075,-0.3968671632480748,-0.8857235698892342,-11675.999999999998,-11771.490242346938,0.008178335247254141,-11741.314285714285,0.00559389223315233,-11675.999999999998,-11764.827181512892,0.007607672277568837,-11741.314283059886,0.00559389200581433,769,1031,1047,1.797221000000036,0.0891270000000759,0.7894559999999728,2.5104789999999184,3.389061999999967
42,4,0.07680985956973473,0.02779815011194549,-0.26366559485530544,-0.2679528403001072,-0.14705259529126866,-0.2011015039652523,-254.00000000000003,-258.7654306246256,0.018761537892226635,-258.2394298969318,0.01669066888555825,-254.0,-258.39939856755876,0.01732046680141245,-258.1215815882678,0.016226699166408724,933,1179,1183,3.4142410000001746,0.050345999999990454,0.1341899999999896,3.9163140000000567,4.100850000000037
42,16,0.007824657973291599,0.08453324782393332,0.055734190782422297,0.03858520900321544,-0.4827564896560861,-0.8112734279741554,-254.00000000000003,-258.7654306246256,0.018761537892226635,-257.63161213397774,0.01429768556684138,-254.0,-258.7281427598924,0.01861473527516701,-257.32462016545577,0.013089055769510903,933,881,897,3.4142410000001746,0.09840400000007321,1.0232320000000072,5.062488000000144,6.184124000000224
43,4,0.13336902017847857,0.00012802168968102678,0.19718309859154928,0.14084507042253522,0.16566507195816949,-0.7002519509039744,-35.0,-50.33664965986395,0.4381899902818272,-47.82142857142857,0.36632653061224485,-35.0,-48.2912157219073,0.37974902062592286,-47.81978715047873,0.3662796328708209,71,57,61,0.20400800000004438,0.0491340000000946,0.12752000000000407,0.17021099999999478,0.34686500000009346
43,16,0.08521595506891144,0.01892629663330271,0.056338028169014086,-0.16901408450704225,0.12696070742365126,-1.8916464060232654,-35.0,-50.33664965986395,0.4381899902818272,-45.660493827160494,0.3045855379188713,-35.0,-49.02972241154135,0.4008492117583243,-45.45873015873016,0.29882086167800465,71,67,83,0.20400800000004438,0.0818530000001374,0.32995900000003076,0.1781069999999545,0.5899190000001227
44,4,0.005973630577812316,0.0028973635139284463,0.03354838709677419,0.02838709677419355,0.06676879661656328,0.002244067677802117,-265.0,-269.6672374756623,0.01761221688929177,-269.4252197628534,0.016698942501333486,-265.0,-269.6393571231638,0.017507008011938833,-269.41239829257137,0.016650559594608934,775,749,753,2.7944790000001376,0.051491000000055465,0.12882200000001376,2.6078949999998713,2.7882079999999405
44,16,0.04287313695646691,0.009675640098773326,-0.01032258064516129,-0.03096774193548387,0.028134045738082345,-0.3728566219319962,-265.0,-269.6672374756623,0.01761221688929177,-268.74751049079833,0.014141549021880504,-265.0,-269.4671383641599,0.016857125902490163,-268.711250928023,0.014004720483105628,775,783,799,2.7944790000001376,0.10310900000013135,1.0174509999999373,2.715859000000023,3.8364190000000917
45,4,0.040408574069210904,0.00502285845482248,0.11162049033286825,0.1108232011162049,-0.1256753039788402,-0.14372182352362967,-1111.0,-1311.3131025228126,0.18029982225275665,-1298.785725308642,0.1690240551832961,-1111.0,-1303.218735682486,0.17301416353059057,-1297.8425041905805,0.1681750712786503,5017,4457,4461,10.386989000000085,0.060595000000034815,0.12685399999998026,11.692376999999965,11.87982599999998
45,16,0.041447416115531356,-0.035898962133993746,0.12955949770779351,0.12637034084114013,-0.07950850819232047,-0.18658005703097147,-1111.0,-1311.3131025228126,0.18029982225275665,-1268.3733013211433,0.14165013620264927,-1111.0,-1303.0106420091565,0.1728268604942903,-1274.0228395061727,0.14673522907846323,5017,4367,4383,10.386989000000085,0.12138600000002953,0.9907650000000103,11.212843000000134,12.324994000000174
46,4,0.03622115125792682,0.0,0.0,-0.025477707006369428,0.23082602373038633,0.0008115415253594312,-111.0,-116.03450211643458,0.045355874922834064,-115.54457163879988,0.04094208683603495,-111.0,-115.85214665376685,0.04371303291681848,-115.54457163879988,0.04094208683603495,157,157,161,0.6690969999998515,0.030463999999938096,0.12343799999996463,0.5146519999999555,0.6685539999998582
46,16,0.05951736786659114,-0.04387235907387369,-0.10191082802547771,-0.20382165605095542,0.20158063778477056,-1.3252039689314512,-111.0,-116.03450211643458,0.045355874922834064,-113.9363955801426,0.026454014235518932,-111.0,-115.73486180194561,0.04265641263014065,-114.06522218141755,0.027614614247004985,157,173,189,0.6690969999998515,0.08007299999985662,0.9414939999999206,0.5342200000000048,1.555786999999782
47,4,0.09497302311991716,0.062280821930266274,0.00749063670411985,-0.00749063670411985,0.07839574836238869,-0.168152885922771,-171.0,-187.4719434623247,0.09632715475043686,-185.82067360614639,0.086670605883897,-171.0,-185.90755319504737,0.08717867365524778,-184.89762987239538,0.08127268931225372,267,265,269,0.6472800000000234,0.037666000000058375,0.12192000000004555,0.5965360000000146,0.7561220000001185
47,16,0.10215488953595796,0.019342192331482832,-0.0149812734082397,-0.0749063670411985,0.06755190952909611,-0.9418134346805851,-171.0,-187.4719434623247,0.09632715475043686,-181.98504347112475,0.06424002029897517,-171.0,-185.78925389748838,0.08648686489759286,-181.77256864753656,0.06299747747097403,267,271,287,0.6472800000000234,0.07113000000003922,0.5822120000000268,0.6035550000000285,1.2568970000000945
48,4,0.003775961296737382,0.0068353661112996395,0.512396694214876,0.5057851239669422,0.5330842214609195,0.4469499245936589,-626.0,-658.5379777455249,0.05197760023246793,-658.108744394619,0.05129192395306542,-626.0,-658.4151156008837,0.051781334825692846,-657.8892693713076,0.05094132487429328,605,295,299,1.8877729999999247,0.03789099999994505,0.12471100000004753,0.8814310000000205,1.044033000000013
48,16,0.0037847627073131097,0.11401454455811615,0.5619834710743802,0.5355371900826447,0.5661099083416721,0.0032207262207287393,-626.0,-658.5379777455249,0.05197760023246793,-656.5,0.048722044728434506,-626.0,-658.4148292207823,0.05178087734949246,-653.0225563909775,0.04316702298878188,605,265,281,1.8877729999999247,0.09614599999997608,0.9664609999999811,0.8190860000000839,1.8816930000000411
49,4,0.054689783355602255,0.024248569821075275,0.11490125673249552,0.10771992818671454,0.09948026753304065,-0.0349622802150538,-186.0,-207.69865192566093,0.11665941895516627,-206.51195739413882,0.11027934082870332,-186.0,-206.5119573527379,0.11027934060611778,-206.01457176310012,0.10760522453279635,557,493,497,1.180415000000039,0.037662000000068474,0.1210360000000037,1.062987000000021,1.2216850000000932
49,16,0.08117392402306983,0.04755261015140487,0.3303411131059246,0.3016157989228007,0.3084423698445215,-0.4227360716358205,-186.0,-207.69865192566093,0.11665941895516627,-204.52297255552304,0.09958587395442495,-186.0,-205.9372872028443,0.10718971614432413,-203.64215686274508,0.09485030571368323,557,373,389,1.180415000000039,0.07446300000003703,0.7886310000000094,0.8163250000000062,1.6794190000000526
50,4,0.01972179158108609,0.0,-0.03826530612244898,-0.04336734693877551,-0.031403859007935846,-0.1070710826115264,-273.0,-285.8197916122558,0.04695894363463668,-284.8279448023159,0.04332580513668837,-273.0,-285.56696235396595,0.046032829135406406,-284.8279448023159,0.04332580513668837,784,814,818,2.2486089999999876,0.04718800000000556,0.12295800000003965,2.319223999999963,2.489370000000008
50,16,0.008790683356190328,-5.8301501893784126e-15,-0.003826530612244898,-0.02423469387755102,0.22494840143394063,-0.1524867151203392,-273.0,-285.8197916122558,0.04695894363463668,-282.74752608887064,0.035705223768756934,-273.0,-285.7070968835001,0.0465461424304034,-282.7475260888707,0.03570522376875714,784,787,803,2.2486089999999876,0.08803000000000338,0.7606739999999945,1.7427880000000187,2.5914920000000166
51,4,0.09052289779943884,0.01470469838259922,-0.32061068702290074,-0.3511450381679389,-0.3061150322790934,-0.7215618680733819,-98.0,-102.59378732076645,0.046875380824147474,-101.62260174737673,0.03696532395282382,-98.0,-102.17794438061635,0.0426320855164934,-101.56933248132128,0.036421760013482476,131,173,177,0.3852309999999761,0.03623699999991459,0.12380599999994502,0.5031559999998763,0.6631989999997359
51,16,0.09333821541766302,0.020967981120990853,-0.366412213740458,-0.48854961832061067,-0.32163818591973076,-3.0057783511712826,-98.0,-102.59378732076645,0.046875380824147474,-100.95200752823087,0.030122525798274135,-98.0,-102.16501141023782,0.04250011643099821,-100.8901098901099,0.029490917246019363,131,179,195,0.3852309999999761,0.07953099999997448,0.954482999999982,0.5091360000000122,1.5431499999999687
52,4,0.09852413322445995,0.07264234957851748,-0.03773584905660377,-0.11320754716981132,0.01230058412523571,-0.8102173880008151,-80.0,-85.4927786803015,0.06865973350376872,-84.14678008634304,0.05183475107928803,-80.0,-84.951607421831,0.061895092772887496,-83.84554823768568,0.048069352971070956,53,55,59,0.1973889999999301,0.0390789999999015,0.12327700000003006,0.1949610000000348,0.35731699999996636
52,16,0.18054833272291373,-0.17855283894001867,-0.18867924528301888,-0.49056603773584906,-0.04587388355028026,-5.182345520775877,-80.0,-85.4927786803015,0.06865973350376872,-81.99209302325582,0.02490116279069774,-80.0,-84.5010666475571,0.0562633330944637,-82.34778688799075,0.02934733609988438,53,63,79,0.1973889999999301,0.08153099999992719,0.9323520000000372,0.20644400000003316,1.2203269999999975
53,4,0.07412948511466941,0.0497270917799222,0.10787486515641856,0.10355987055016182,0.1273157534862134,0.027914596012443244,-141.99999999999997,-160.16845802599227,0.12794688750698802,-158.7093607305936,0.11767155444080024,-142.0,-158.821639587198,0.11846225061407047,-157.87845281595958,0.11182009025323646,927,827,831,2.3575479999999516,0.10965799999996761,0.12468499999999949,2.0573950000000423,2.2917380000000094
53,16,0.012078571462138421,-0.024418286339993437,0.2740021574973031,0.25674217907227614,0.25029479781533637,-0.15016279626120388,-141.99999999999997,-160.16845802599227,0.12794688750698802,-155.52962962962962,0.0952790818988004,-142.0,-159.9490090073685,0.12640147188287668,-155.86,0.09760563380281699,927,673,689,2.3575479999999516,0.16742999999996755,0.7766679999999724,1.767466000000013,2.711563999999953
54,4,0.008278003442020853,0.004836023900818164,0.21492853361566966,0.21281101111699313,0.27305522241491625,0.2463276571739073,-122.0,-128.623235974763,0.05428881946527042,-128.56841176717785,0.053839440714572535,-122.0,-128.5684088045666,0.053839416430873664,-128.53664677088136,0.05357907189247018,1889,1483,1487,5.9826249999999845,0.03394900000000689,0.12595199999998385,4.34903799999995,4.508938999999941
54,16,0.008284119910564927,-0.031040039345986824,0.1111699311805188,0.1026998411858126,0.1343696120014471,-0.04028064603744996,-122.0,-128.623235974763,0.05428881946527042,-127.98232136321236,0.04903542100993741,-122.0,-128.5683682937521,0.05383908437501711,-128.1680128537068,0.050557482407432894,1889,1679,1695,5.9826249999999845,0.08833300000003419,0.9565339999999196,5.178741999999829,6.223608999999783
55,4,0.09252604940793863,2.5710000936543218e-15,-0.05042016806722689,-0.08403361344537816,-0.03376641156582757,-0.478047177690028,-39.0,-45.23322280124429,0.15982622567293048,-44.47338635726082,0.14034323992976466,-39.0,-44.65648732036567,0.14503813641963256,-44.47338635726081,0.1403432399297643,119,125,129,0.3652150000000347,0.03998899999999139,0.1222690000000739,0.3775470000000496,0.5398050000001149
55,16,0.038913647943027145,-0.005830432184136636,-0.08403361344537816,-0.2184873949579832,-0.07259833248881871,-1.8884301028158206,-39.0,-45.23322280124429,0.15982622567293048,-42.848685857321655,0.09868425275183731,-39.0,-44.99066536360622,0.15360680419503125,-42.871125359210815,0.0992596245951491,119,129,145,0.3652150000000347,0.07534599999996772,0.5878230000000713,0.39172899999994115,1.0548979999999801
56,4,0.032677555750761436,0.07265885543681207,0.03773584905660377,-0.03773584905660377,0.0030465579339101884,-0.831612390785427,-413.0,-446.65664468500194,0.08149308640436304,-444.15915086812265,0.07544588587923161,-413.0,-445.5568278019242,0.07883009153008284,-441.8951626296619,0.0699640741638303,53,51,55,0.18381400000009762,0.03214900000000398,0.12127299999997376,0.18325400000003356,0.3366760000000113
56,16,0.01903123475018134,0.5188564085111977,0.11320754716981132,-0.18867924528301888,0.09327907558736598,-4.402825682481068,-413.0,-446.65664468500194,0.08149308640436304,-434.7825467745613,0.052742244006201686,-413.0,-446.0161171790982,0.07994217234648479,-423.48053278688525,0.025376592704322635,53,47,63,0.18381400000009762,0.07206500000006599,0.7543819999999641,0.16666800000007242,0.9931150000001026
57,4,0.06257005897627234,5.539115137471559e-09,0.4342999861246011,0.4337449701678923,0.5547592120755113,0.5462672497876664,-299.0,-316.56057098765433,0.05873100664767335,-314.5517342739565,0.05201248921055694,-299.0,-315.4618050252998,0.055056204097992584,-314.5517341878137,0.052012488922453776,7207,4077,4081,19.799663999999893,0.041341999999986,0.126796000000013,8.815618000000086,8.983756000000085
57,16,0.04143594631846816,0.0,0.2863882336617178,0.28416816983488274,0.4278502907928074,0.37518237683225075,-299.0,-316.56057098765433,0.05873100664767335,-312.7079365079365,0.04584594149811537,-299.0,-315.83293211088824,0.05629743180899076,-312.7079365079365,0.04584594149811537,7207,5143,5159,19.799663999999893,0.09706499999992957,0.9457419999999956,11.328372000000059,12.371178999999984
58,4,0.09446874983188482,0.1058968587291806,0.04371584699453552,0.02185792349726776,-0.003995355475976723,-0.3386693479850484,-13873.999999999998,-13930.288533932246,0.004057123679706462,-13924.971026555111,0.0036738522816140255,-13873.999999999998,-13924.971026501797,0.0036738522777712565,-13919.573354956723,0.0032848028655560672,183,175,179,0.48831700000005185,0.03977199999997083,0.12365500000009888,0.4902680000000146,0.6536950000000843
58,16,0.06973767572493082,1.5604083048861038e-16,-0.01092896174863388,-0.09836065573770492,-0.04234339578565147,-1.109291710097858,-13873.999999999998,-13930.288533932246,0.004057123679706462,-13912.559704902778,0.002779278139165356,-13874.0,-13926.363102405849,0.003774189304155155,-13912.55970490278,0.0027792781391653555,183,185,201,0.48831700000005185,0.07388100000002851,0.4471280000000206,0.508993999999916,1.0300029999999651
59,4,0.10858236507284862,0.10401390680867967,-0.03418803418803419,-0.06837606837606838,0.059434093304414876,-0.3756669381176543,-889.0,-937.5628105629663,0.054626333591638154,-931.4227680513586,0.04771964910164074,-889.0,-932.2897457374547,0.048694877094999686,-927.0102102086984,0.042756141967039786,117,121,125,0.367163000000005,0.0364159999999174,0.12333700000010595,0.34534100000007584,0.5050940000000992
59,16,0.1314199026891834,0.12345468258707198,0.017094017094017096,-0.11965811965811966,-0.6425647464479262,-3.4565982955798606,-889.0,-937.5628105629663,0.054626333591638154,-917.9231799580848,0.032534510639015524,-889.0,-931.180690724468,0.0474473461467582,-914.3524779569507,0.028517972954950146,117,115,131,0.367163000000005,0.08047499999997854,0.952733999999964,0.6030890000000682,1.6362980000000107
60,4,0.051953734728435993,0.0003246335368393257,0.11428571428571428,0.09795918367346938,0.04870376296141896,-0.17595131871606293,-1947.0,-1979.6406676515926,0.016764595609446632,-1970.832985037198,0.01224087572531992,-1947.0000000000002,-1977.944863063063,0.01589361225632394,-1970.825248050972,0.0122369019265392,245,217,221,0.7562659999998687,0.044334999999932734,0.12556399999994028,0.7194330000000946,0.8893319999999676
60,16,0.12697358087887123,-0.1177682434678205,0.10204081632653061,0.036734693877551024,-0.07691473634957423,-1.501023449421658,-1947.0,-1979.6406676515926,0.016764595609446632,-1963.3001316303357,0.00837192174131265,-1947.0,-1975.4961651975927,0.014635934872928991,-1965.2197695007346,0.009357868259237097,245,220,236,0.7562659999998687,0.10440599999992628,0.9725990000000593,0.8144340000000057,1.8914389999999912
61,4,0.027639439990686517,0.02847792969119015,-0.22858071858234433,-0.22923101934644774,-0.2335748343768022,-0.2425933007196778,-423.0,-438.4034845714787,0.03641485714297568,-437.9499521913273,0.035342676575241906,-423.0,-437.97774088401786,0.03540837088420298,-437.52420850393605,0.034336190316633694,6151,7557,7561,19.948291999999924,0.05644299999994473,0.12345999999990909,24.607710999999995,24.78761399999985
61,16,0.02763459629505768,-0.00028910150184680765,-0.22955616972849943,-0.23215737278491302,-0.2830459870950384,-0.33715031843328136,-423.0,-438.4034845714787,0.03641485714297568,-436.6486913750001,0.03226640986997662,-423.0,-437.97781549380875,0.03540854726668735,-436.65263723217487,0.032275738137529236,6151,7563,7579,19.948291999999924,0.09687499999995453,0.9824140000000625,25.59457599999996,26.673864999999978
62,4,0.18466796666758228,0.07965554359526106,-0.1095890410958904,-0.1643835616438356,0.04660491290709968,-0.5925308475292537,-51.0,-57.836764705882345,0.13405420991926167,-56.16111111111111,0.10119825708061003,-51.0,-56.57423326906236,0.10929869155024238,-55.750000000000014,0.09313725490196106,73,81,85,0.25553099999990536,0.038834999999949105,0.12448400000005222,0.24362199999984568,0.406940999999847
62,16,0.2720246877281781,3.633624700990548e-08,0.0547945205479452,-0.1643835616438356,0.27301971189400526,-3.038551095562797,-51.0,-57.836764705882345,0.13405420991926167,-54.05,0.0598039215686274,-51.0,-55.97699592169367,0.09758815532732688,-54.049999889174444,0.05980391939557733,73,69,85,0.25553099999990536,0.08261999999990621,0.7635890000000245,0.18576599999994414,1.0319749999998749
63,4,0.08251606405239498,0.052980677310926406,-0.26339969372128635,-0.26952526799387444,-0.2060357648001858,-0.32035293518422836,-1587.0,-1738.237974085925,0.09529803029988979,-1722.2746444989998,0.0852392214864523,-1587.0,-1725.7584117290965,0.087434411927597,-1715.107702210448,0.08072318979864399,653,825,829,1.7866169999999784,0.06758800000000065,0.1366530000000239,2.1547239999999874,2.358965000000012
63,16,0.07265544561544798,-0.18707041402363978,-0.39203675344563554,-0.4165390505359878,-0.6521185010554034,-0.9659037163533624,-1587.0,-1738.237974085925,0.09529803029988979,-1678.7064803359722,0.057786061963435525,-1587.0,-1727.2497116847346,0.08837410944217683,-1695.8620495810733,0.06859612449973111,653,909,925,1.7866169999999784,0.10699499999998352,0.4536190000000033,2.951703000000066,3.5123170000000528
